Math_Score,Programming_Score,Logical_Reasoning_Score,Communication_Skill_Score,GPA,Interest_AI,Interest_Web,Interest_Cyber,Interest_Cloud,Recommended_Course
78,63,42,58,7.25,0,1,1,0,Data_Science
91,68,35,89,7.57,0,1,1,0,Web_Development
68,55,42,47,9.95,0,0,0,1,Data_Science
54,63,63,64,6.16,1,1,0,1,Cloud_Computing
82,83,39,72,9.71,0,0,0,0,Data_Science
47,32,81,40,5.21,0,0,1,1,Cyber_Security
60,79,68,78,7.23,0,0,1,0,Cyber_Security
78,41,99,67,5.35,1,1,0,1,AI_ML
97,94,89,93,8.65,1,1,0,1,AI_ML
58,83,77,98,8.04,1,0,1,1,Cyber_Security
62,34,64,37,8.53,1,1,1,0,Data_Science
50,86,51,63,6.87,0,0,0,0,Data_Science
50,46,60,77,6.85,0,0,1,1,Data_Science
nan,76,42,85,5.23,1,1,0,0,Web_Development
92,52,81,94,6.75,1,0,0,0,AI_ML
75,43,80,60,9.65,1,0,0,1,AI_ML
79,95,67,33,6.9,1,1,1,0,Web_Development
63,80,35,79,9.16,0,0,1,1,Cloud_Computing
42,67,53,98,9.21,1,0,1,1,Cloud_Computing
61,93,65,59,6.87,1,0,1,1,Cloud_Computing
92,67,48,88,8.16,1,0,0,0,Data_Science
41,79,87,96,5.48,1,0,1,1,Cyber_Security
63,59,82,74,5.52,1,0,0,1,Data_Science
83,80,96,33,5.24,1,0,0,0,AI_ML
69,92,98,55,7.91,1,1,0,0,Web_Development
77,81,97,56,7.13,0,1,1,0,Web_Development
41,67,67,75,7.74,0,0,0,0,Data_Science
99,59,75,93,7.61,0,0,0,1,Data_Science
60,80,82,80,6.75,0,1,1,0,Web_Development
72,34,47,79,8.39,0,1,0,0,Data_Science
51,58,65,35,8.79,0,1,1,0,Data_Science
97,33,38,88,5.07,1,1,1,0,Data_Science
61,39,53,44,6.04,1,1,1,1,Data_Science
83,85,47,59,8.57,0,0,0,0,Data_Science
64,46,57,71,6.93,1,1,1,1,Data_Science
88,46,35,66,8.31,0,1,1,0,Data_Science
66,98,88,71,6.73,1,1,1,1,Web_Development
98,63,49,64,6.95,1,0,1,1,Cloud_Computing
81,35,99,35,5.79,1,0,0,0,AI_ML
67,82,49,97,6.29,1,0,1,1,Cloud_Computing
99,95,55,47,8.03,1,0,0,0,Data_Science
55,72,53,58,7.17,1,0,1,1,Cloud_Computing
54,52,94,88,8.87,0,0,0,1,Data_Science
86,84,67,76,9.26,0,1,1,1,Web_Development
90,45,83,46,7.71,1,0,0,0,AI_ML
83,37,69,51,8.79,0,0,1,1,Cyber_Security
94,33,78,97,6.53,1,1,0,0,AI_ML
91,33,45,98,7.07,0,0,0,1,Data_Science
96,85,80,66,8.56,1,1,0,1,AI_ML
42,54,43,78,6.93,0,1,1,1,Data_Science
76,96,37,42,7.94,1,0,0,1,Cloud_Computing
90,96,60,63,5.93,0,1,0,1,Web_Development
46,56,82,82,8.0,1,1,0,1,Data_Science
60,61,62,80,9.31,0,1,0,0,Data_Science
48,79,60,32,9.34,1,1,1,0,Web_Development
78,90,59,71,8.62,1,0,0,0,Data_Science
57,80,46,61,8.73,1,1,0,1,Web_Development
43,48,39,80,7.79,0,0,0,0,Data_Science
64,50,82,75,7.92,0,1,1,1,Cyber_Security
nan,34,71,50,5.67,0,1,0,0,Data_Science
53,71,78,73,7.22,1,1,0,0,Web_Development
89,90,49,40,7.25,0,0,0,1,Cloud_Computing
97,51,77,97,9.79,1,0,0,1,AI_ML
48,50,82,30,7.16,0,0,1,0,Cyber_Security
65,99,80,92,7.75,0,1,0,0,Web_Development
92,30,77,53,7.67,0,1,0,0,Data_Science
41,34,55,42,8.18,0,1,1,0,Data_Science
59,41,57,40,8.74,1,1,1,1,Data_Science
67,75,81,80,6.13,0,0,1,0,Cyber_Security
86,63,49,46,7.64,0,1,0,1,Cloud_Computing
99,78,59,53,9.13,1,0,1,1,Cloud_Computing
46,74,70,48,7.32,1,1,0,0,Web_Development
83,56,85,66,6.39,0,0,1,1,Cyber_Security
47,55,49,37,8.27,0,0,0,0,Data_Science
86,76,55,57,9.12,1,1,1,1,Web_Development
74,85,47,34,5.32,1,1,0,1,Web_Development
53,92,53,46,8.88,1,0,1,0,Data_Science
56,77,68,65,9.11,0,1,0,1,Web_Development
75,90,86,48,7.31,0,1,0,1,Web_Development
89,55,61,93,9.92,0,0,0,0,Data_Science
79,65,63,40,8.93,1,0,0,1,Cloud_Computing
43,30,62,83,8.87,1,0,0,1,Data_Science
41,37,69,74,8.74,1,0,0,0,Data_Science
45,81,42,76,5.75,0,1,0,0,Web_Development
93,76,50,41,6.09,1,0,0,1,Cloud_Computing
81,85,70,50,7.32,0,0,1,1,Cyber_Security
43,43,64,40,6.32,1,0,0,1,Data_Science
93,57,52,34,7.08,0,1,0,0,Data_Science
68,31,36,85,9.44,0,0,1,1,Data_Science
57,55,83,49,9.12,1,1,0,1,Data_Science
65,43,38,70,8.15,0,0,1,1,Data_Science
83,88,41,75,9.29,1,0,0,1,Cloud_Computing
73,85,73,41,8.92,0,1,1,1,Web_Development
49,36,47,99,7.14,1,0,1,1,Data_Science
75,32,65,46,6.01,1,0,0,0,Data_Science
53,52,97,48,7.57,0,1,1,0,Cyber_Security
70,47,90,55,8.68,1,0,0,1,Data_Science
87,67,76,77,7.18,0,0,0,1,Cloud_Computing
54,44,95,81,8.33,1,0,0,0,Data_Science
47,93,76,99,5.47,1,0,0,0,Data_Science
53,57,90,84,8.74,1,1,1,0,Cyber_Security
62,68,70,62,9.06,1,0,0,1,Cloud_Computing
99,86,41,91,8.53,0,1,1,1,Web_Development
96,46,88,52,9.84,1,0,1,1,AI_ML
79,73,35,44,9.13,1,1,0,1,Web_Development
60,54,78,56,9.52,0,0,0,0,Data_Science
55,46,79,93,9.67,0,1,0,0,Data_Science
nan,42,81,80,9.01,0,0,0,0,Data_Science
57,54,47,82,8.37,0,1,1,0,Data_Science
86,97,56,80,5.03,0,1,0,1,Web_Development
92,39,55,76,7.33,0,0,1,1,Data_Science
63,96,43,33,7.86,1,1,0,0,Web_Development
65,47,60,36,6.52,0,0,0,0,Data_Science
64,63,43,64,6.59,1,0,0,0,Data_Science
99,37,49,77,9.81,0,0,0,0,Data_Science
99,69,44,74,9.46,1,0,1,0,Data_Science
99,71,76,48,9.25,1,0,1,1,AI_ML
84,70,58,92,7.03,1,1,0,1,Web_Development
80,35,83,67,5.07,0,0,1,0,Cyber_Security
68,81,60,96,5.4,0,0,1,0,Data_Science
54,55,71,88,6.56,0,0,0,0,Data_Science
84,93,84,98,5.08,0,0,0,1,Cloud_Computing
40,88,58,42,5.09,1,0,1,1,Cloud_Computing
64,85,53,76,9.58,0,0,1,1,Cloud_Computing
46,88,94,90,8.53,1,1,1,0,Web_Development
48,99,73,60,6.54,1,1,1,1,Web_Development
63,62,52,51,5.66,0,0,0,0,Data_Science
40,82,53,72,7.56,0,1,0,1,Web_Development
83,51,70,96,5.03,0,0,1,1,Cyber_Security
47,50,89,83,9.69,1,0,0,1,Data_Science
63,99,81,39,7.07,0,0,1,0,Cyber_Security
50,99,83,71,7.01,1,0,1,0,Cyber_Security
90,33,67,93,6.95,0,0,0,1,Data_Science
56,91,55,50,5.35,1,1,1,0,Web_Development
47,91,56,95,8.19,0,1,1,0,Web_Development
74,53,82,70,8.67,0,1,0,0,Data_Science
74,84,71,53,8.38,1,1,0,0,AI_ML
72,38,49,64,5.69,0,0,1,0,Data_Science
98,32,69,85,7.89,0,1,1,0,Cyber_Security
44,60,66,59,7.85,0,0,0,0,Data_Science
81,69,45,86,9.34,0,1,1,1,Web_Development
78,65,44,76,6.9,0,1,1,0,Data_Science
97,53,91,64,6.86,0,1,0,0,Data_Science
80,35,59,48,8.09,0,1,0,1,Data_Science
67,95,36,37,8.17,1,0,0,1,Cloud_Computing
46,33,98,55,7.35,1,1,0,1,Data_Science
48,35,69,59,7.22,0,1,0,1,Data_Science
47,80,41,36,7.47,0,0,0,0,Data_Science
51,91,52,96,9.31,0,0,1,1,Cloud_Computing
73,86,76,94,7.31,1,1,1,1,AI_ML
72,95,73,65,9.7,1,0,0,0,AI_ML
87,37,75,54,7.52,0,0,0,0,Data_Science
94,55,58,66,9.75,1,0,1,0,Data_Science
62,80,94,30,9.16,0,1,1,1,Web_Development
63,74,80,44,6.81,0,0,1,0,Cyber_Security
76,73,53,66,9.32,0,1,0,1,Web_Development
74,34,76,42,5.55,0,1,0,0,Data_Science
83,99,66,37,9.63,1,1,1,0,Web_Development
79,55,73,34,8.16,1,1,0,1,AI_ML
61,97,70,89,5.27,0,0,0,0,Data_Science
66,48,70,30,8.22,1,1,0,0,Data_Science
74,49,37,65,9.87,1,0,1,0,Data_Science
nan,41,42,64,5.35,0,1,1,0,Data_Science
74,76,75,95,7.77,1,0,0,0,AI_ML
76,30,47,92,8.74,0,1,0,1,Data_Science
86,43,83,52,9.05,0,0,0,1,Data_Science
53,93,94,38,7.07,0,1,0,0,Web_Development
42,67,36,63,6.02,0,1,0,1,Web_Development
40,66,94,75,5.21,1,0,1,1,Cyber_Security
44,40,39,33,7.9,0,1,0,1,Data_Science
65,32,78,59,7.26,1,1,0,0,Data_Science
94,62,61,32,9.74,0,1,0,0,Data_Science
53,35,66,43,5.3,0,0,1,0,Cyber_Security
78,79,55,89,8.43,1,1,1,1,Web_Development
66,39,42,74,5.12,0,1,0,1,Data_Science
48,34,84,63,5.86,1,0,1,0,Cyber_Security
54,52,78,74,7.27,1,0,1,0,Cyber_Security
54,39,92,90,7.27,0,0,1,1,Cyber_Security
65,73,37,45,8.43,0,0,1,1,Cloud_Computing
81,31,36,95,9.55,0,0,1,0,Data_Science
99,42,78,69,8.2,0,1,1,1,Cyber_Security
52,69,36,46,9.77,0,1,0,1,Web_Development
90,31,69,63,9.41,0,1,1,1,Cyber_Security
71,94,64,45,7.92,1,0,1,1,Cloud_Computing
78,92,42,89,9.17,1,1,0,1,Web_Development
88,46,56,95,8.21,0,0,0,1,Data_Science
91,38,78,95,5.39,1,0,0,1,AI_ML
71,44,92,42,8.7,1,1,0,0,AI_ML
43,53,70,85,5.47,0,0,1,0,Cyber_Security
69,67,65,60,7.97,0,0,1,1,Cloud_Computing
76,64,81,63,8.51,1,1,1,1,AI_ML
62,78,89,68,5.33,0,0,1,1,Cyber_Security
78,98,96,96,6.15,1,0,0,0,AI_ML
84,91,64,37,9.58,0,1,1,0,Web_Development
54,89,89,84,8.08,1,0,1,1,Cyber_Security
82,79,50,56,6.23,1,0,0,0,Data_Science
68,38,46,82,8.45,1,1,1,1,Data_Science
75,63,51,68,7.98,1,1,1,1,Cloud_Computing
52,64,50,94,7.51,0,1,1,1,Cloud_Computing
71,30,46,46,9.88,0,1,1,1,Data_Science
46,69,42,59,8.42,1,0,0,1,Cloud_Computing
98,93,37,82,6.88,1,0,0,1,Cloud_Computing
90,51,50,42,9.0,0,1,0,1,Data_Science
61,89,64,50,9.42,0,0,0,0,Data_Science
67,93,57,48,5.63,1,0,0,1,Cloud_Computing
41,40,39,82,6.0,1,1,1,0,Data_Science
81,43,99,48,6.08,1,1,1,1,AI_ML
nan,89,64,86,8.46,1,0,0,1,Cloud_Computing
96,59,55,54,8.02,1,1,0,0,Data_Science
92,64,56,60,8.09,0,1,0,0,Data_Science
45,66,66,84,9.7,1,1,1,1,Web_Development
67,34,67,52,8.88,0,0,0,0,Data_Science
67,55,50,61,5.64,0,1,1,1,Data_Science
83,91,72,91,6.74,0,0,1,1,Cyber_Security
83,33,48,39,7.18,1,0,1,0,Data_Science
59,71,70,83,6.98,0,0,1,0,Cyber_Security
69,47,57,81,8.35,0,1,0,0,Data_Science
50,69,36,49,9.46,0,1,1,0,Web_Development
97,68,99,61,6.53,0,1,1,1,Web_Development
94,43,86,43,7.76,1,1,0,0,AI_ML
67,61,96,79,8.95,1,1,1,0,Cyber_Security
64,80,57,57,7.08,0,0,1,0,Data_Science
78,67,60,82,5.84,0,0,1,0,Data_Science
72,52,89,53,7.37,1,0,0,0,AI_ML
40,92,40,51,5.28,1,1,1,1,Web_Development
96,44,69,59,9.71,1,0,1,1,Cyber_Security
66,54,56,92,5.37,0,0,0,0,Data_Science
96,46,77,33,7.19,1,1,0,0,AI_ML
91,95,49,88,7.65,0,1,1,1,Web_Development
52,82,94,37,9.93,0,0,1,0,Cyber_Security
80,80,46,41,5.83,1,0,0,1,Cloud_Computing
42,68,83,60,5.57,0,1,1,1,Web_Development
78,80,76,63,5.04,1,1,0,0,AI_ML
45,99,72,78,5.78,0,1,1,1,Web_Development
47,35,79,86,6.04,1,1,0,0,Data_Science
66,96,69,55,8.15,0,0,1,0,Cyber_Security
48,36,64,47,6.1,0,0,0,1,Data_Science
76,80,64,67,5.1,1,1,0,1,Web_Development
72,71,40,79,9.13,1,0,0,0,Data_Science
90,93,41,37,6.83,1,0,0,1,Cloud_Computing
81,44,86,70,6.77,1,1,0,0,AI_ML
83,58,48,35,6.51,0,0,1,1,Data_Science
63,62,49,98,9.88,1,0,1,1,Cloud_Computing
54,56,55,73,5.85,1,0,0,0,Data_Science
98,65,69,93,9.49,0,1,1,0,Cyber_Security
93,58,36,58,8.88,1,1,1,0,Data_Science
71,67,69,57,5.38,1,0,1,1,Cyber_Security
71,86,54,40,9.93,0,1,1,0,Web_Development
63,56,44,94,6.36,1,1,1,0,Data_Science
80,84,59,48,5.49,1,1,1,1,Web_Development
91,62,59,38,9.15,1,0,0,1,Cloud_Computing
88,97,88,56,8.53,1,0,1,0,AI_ML
88,95,67,63,8.09,1,1,1,0,Web_Development
97,39,70,73,5.78,1,0,1,0,Cyber_Security
91,34,48,97,7.39,0,0,0,0,Data_Science
51,67,99,44,8.9,1,0,1,1,Cyber_Security
78,42,88,80,6.52,0,0,1,1,Cyber_Security
41,60,86,42,6.56,0,0,1,0,Cyber_Security
42,76,37,78,5.02,0,1,0,0,Web_Development
88,81,75,99,5.87,0,0,1,0,Cyber_Security
76,85,40,85,9.38,1,0,0,1,Cloud_Computing
88,44,59,80,7.21,1,0,1,0,Data_Science
95,58,47,66,9.92,1,1,0,0,Data_Science
56,37,42,46,6.98,0,1,0,1,Data_Science
98,34,55,87,8.58,1,1,0,1,Data_Science
nan,58,59,58,6.41,1,0,1,0,Data_Science
41,76,79,62,6.82,1,1,0,0,Web_Development
41,97,94,89,5.95,0,1,0,1,Web_Development
67,74,46,84,6.74,0,1,0,0,Web_Development
93,31,66,39,7.74,1,1,0,0,Data_Science
62,56,47,76,9.96,0,0,1,1,Data_Science
76,65,65,52,8.32,0,1,1,1,Cloud_Computing
71,65,54,50,6.0,1,1,1,1,Cloud_Computing
72,55,52,42,5.22,0,0,1,0,Data_Science
40,72,94,62,5.63,0,0,0,1,Cloud_Computing
58,56,97,53,7.81,1,1,1,1,Cyber_Security
41,98,40,40,8.83,0,0,0,0,Data_Science
92,49,66,46,9.7,0,1,1,0,Cyber_Security
83,40,77,97,5.08,0,0,1,1,Cyber_Security
65,67,36,76,7.61,0,0,1,1,Cloud_Computing
71,35,94,54,7.35,0,1,0,0,Data_Science
45,52,57,50,8.28,0,0,1,0,Data_Science
71,76,65,41,7.8,0,1,1,1,Web_Development
94,75,39,66,8.44,0,0,1,1,Cloud_Computing
43,41,68,71,8.29,1,1,0,0,Data_Science
94,42,44,46,5.59,1,0,1,1,Data_Science
50,91,36,77,9.0,1,0,1,0,Data_Science
95,89,45,57,5.62,1,0,0,1,Cloud_Computing
98,72,84,70,8.49,0,0,0,0,Data_Science
56,97,65,76,7.08,1,0,1,0,Data_Science
77,34,90,47,7.57,1,1,1,1,AI_ML
63,66,43,42,9.52,0,0,1,1,Cloud_Computing
44,60,55,42,9.45,0,1,0,0,Data_Science
91,38,62,60,9.09,0,1,0,1,Data_Science
73,80,96,31,7.55,0,1,0,1,Web_Development
45,58,41,45,8.68,0,0,1,1,Data_Science
61,69,50,38,7.56,1,1,0,0,Web_Development
50,70,38,67,9.35,0,0,1,1,Cloud_Computing
87,40,38,83,7.01,1,1,0,1,Data_Science
55,52,74,85,9.85,1,1,0,0,Data_Science
72,30,51,74,9.66,0,1,0,1,Data_Science
48,75,86,63,8.71,1,1,1,1,Web_Development
99,50,86,38,6.4,1,1,1,0,AI_ML
98,65,70,37,5.66,0,0,1,0,Cyber_Security
45,83,72,36,9.27,1,1,1,1,Web_Development
55,86,84,65,5.83,1,1,0,1,Web_Development
68,30,97,47,9.27,1,0,1,0,Cyber_Security
42,92,97,32,7.45,0,0,0,0,Data_Science
59,83,96,57,7.03,0,0,1,1,Cyber_Security
99,84,41,99,9.52,0,1,1,1,Web_Development
98,69,61,73,8.02,1,1,0,1,Web_Development
75,44,48,50,7.88,0,1,0,0,Data_Science
58,50,39,57,7.79,1,1,1,1,Data_Science
65,76,89,83,6.86,0,1,1,0,Web_Development
42,82,36,83,8.93,1,1,0,0,Web_Development
58,38,96,94,6.26,0,0,0,0,Data_Science
59,81,55,50,9.69,0,0,0,1,Cloud_Computing
71,86,55,42,9.47,1,1,0,1,Web_Development
46,55,44,86,6.69,0,1,0,1,Data_Science
91,70,92,78,8.65,1,1,1,0,AI_ML
80,64,73,83,7.87,0,1,1,1,Cyber_Security
72,92,39,39,6.69,0,1,1,0,Web_Development
79,54,99,82,9.94,1,0,1,0,AI_ML
78,67,47,73,5.13,1,0,0,0,Data_Science
57,31,87,76,6.26,1,1,0,0,Data_Science
79,36,79,82,7.6,0,0,0,0,Data_Science
40,63,66,75,7.61,1,1,1,0,Cyber_Security
50,46,70,42,7.94,0,1,0,1,Data_Science
67,72,94,66,8.76,1,1,0,0,Web_Development
96,88,45,53,8.12,1,0,1,1,Cloud_Computing
64,80,97,31,8.0,1,0,1,0,Cyber_Security
89,83,55,43,5.27,1,1,1,1,Web_Development
nan,53,86,39,6.88,1,0,0,1,Data_Science
70,54,89,64,6.16,1,0,0,1,Data_Science
69,81,60,54,6.33,0,1,1,1,Web_Development
81,99,68,32,7.77,1,0,1,0,Cyber_Security
74,62,86,46,6.0,0,0,0,0,Data_Science
46,78,86,41,6.47,1,1,1,0,Web_Development
99,58,63,83,6.19,1,1,0,0,Data_Science
55,92,72,53,9.74,1,0,1,1,Cyber_Security
65,51,76,58,9.72,0,1,1,1,Cyber_Security
87,55,55,72,8.05,0,0,1,1,Data_Science
96,57,76,54,9.62,1,1,0,0,AI_ML
91,78,47,89,8.93,0,1,0,1,Web_Development
99,78,98,94,7.95,1,1,1,0,AI_ML
88,49,51,57,5.03,1,1,0,1,Data_Science
41,92,43,45,8.86,0,0,1,1,Cloud_Computing
40,90,75,76,8.51,0,1,1,1,Web_Development
87,78,35,87,8.08,0,1,0,1,Web_Development
51,30,36,56,8.8,0,1,0,1,Data_Science
44,42,94,82,7.56,1,0,0,0,Data_Science
76,80,82,71,8.52,0,0,0,1,Cloud_Computing
71,85,63,88,9.68,0,1,1,0,Web_Development
98,91,44,76,6.88,1,1,0,0,Web_Development
94,61,92,63,8.54,0,1,0,0,Data_Science
48,59,94,66,7.38,0,1,1,0,Cyber_Security
80,58,55,35,8.37,0,1,1,0,Data_Science
74,78,62,36,8.81,0,1,1,0,Web_Development
58,74,68,54,5.23,1,0,1,0,Cyber_Security
87,59,42,62,8.23,1,1,0,0,Data_Science
55,45,93,84,6.13,0,1,0,1,Data_Science
42,69,83,87,8.35,0,1,1,1,Web_Development
59,48,51,36,7.34,1,1,1,0,Data_Science
63,47,94,86,8.87,0,1,0,0,Data_Science
93,30,79,41,5.62,0,1,0,0,Data_Science
95,76,66,45,8.13,0,0,0,1,Cloud_Computing
72,95,78,72,6.39,0,0,0,1,Cloud_Computing
63,67,99,36,9.26,0,0,0,0,Data_Science
91,80,42,80,9.64,0,0,1,0,Data_Science
50,92,77,61,9.98,0,0,1,1,Cyber_Security
88,33,35,37,8.98,0,0,1,1,Data_Science
47,30,85,74,8.77,0,1,1,0,Cyber_Security
75,37,58,88,6.08,1,1,0,0,Data_Science
77,58,58,33,6.68,1,1,1,0,Data_Science
79,84,51,96,7.33,1,1,0,0,Web_Development
59,32,39,58,8.87,0,1,0,1,Data_Science
74,61,54,58,9.57,0,1,0,1,Cloud_Computing
87,39,55,57,5.95,1,0,0,0,Data_Science
64,63,92,73,9.61,0,1,0,0,Data_Science
74,84,65,33,8.48,1,0,0,0,Data_Science
64,61,45,38,8.05,0,0,0,1,Cloud_Computing
68,79,86,34,6.0,1,1,1,0,Web_Development
57,36,49,85,5.28,1,1,0,0,Data_Science
85,37,41,79,7.84,1,1,1,0,Data_Science
57,94,62,44,8.26,0,1,1,1,Web_Development
41,86,85,61,6.05,1,1,0,0,Web_Development
93,96,92,57,7.78,0,1,0,1,Web_Development
74,88,39,51,9.28,0,1,1,0,Web_Development
55,83,39,46,9.18,0,0,1,0,Data_Science
80,96,42,88,9.64,0,1,1,0,Web_Development
75,80,98,86,6.83,0,1,1,1,Web_Development
72,37,44,55,6.59,0,0,0,0,Data_Science
43,63,72,54,8.75,0,1,0,0,Data_Science
72,64,42,39,7.16,1,1,0,1,Cloud_Computing
53,61,59,74,5.44,1,0,1,1,Cloud_Computing
60,75,84,40,6.41,1,1,0,1,Web_Development
87,45,83,82,7.09,0,1,1,0,Cyber_Security
59,97,70,97,6.46,0,1,0,1,Web_Development
95,66,75,57,6.66,0,1,1,0,Web_Development
47,83,nan,94,6.47,0,1,0,1,Web_Development
46,43,44,78,5.21,1,1,0,1,Data_Science
42,84,55,76,8.19,0,0,1,1,Cloud_Computing
56,77,70,81,7.99,1,1,1,0,Web_Development
72,36,46,83,8.27,0,1,1,0,Data_Science
87,36,36,89,5.96,1,0,1,0,Data_Science
51,62,47,86,6.48,0,0,1,0,Data_Science
98,52,87,76,8.1,1,1,0,0,AI_ML
90,48,66,60,8.0,0,0,1,0,Cyber_Security
61,48,50,75,7.53,1,1,0,0,Data_Science
94,65,66,55,6.75,0,1,0,0,Data_Science
nan,58,66,34,9.56,1,0,0,0,Data_Science
85,89,45,81,6.7,1,1,0,1,Web_Development
69,31,44,83,7.28,0,1,0,1,Data_Science
77,30,49,62,8.39,1,0,1,0,Data_Science
77,76,51,79,7.72,0,0,1,0,Data_Science
84,98,74,67,6.73,0,0,0,0,Data_Science
90,49,52,56,7.18,0,0,0,0,Data_Science
93,40,89,44,8.97,1,1,1,1,AI_ML
47,31,59,90,6.39,1,0,1,1,Data_Science
66,96,93,50,5.71,0,0,0,0,Data_Science
66,41,56,75,6.57,0,0,1,1,Data_Science
73,49,64,98,9.25,1,0,1,1,Data_Science
60,34,78,35,5.44,1,0,1,0,Cyber_Security
69,66,66,67,9.96,1,1,0,0,Web_Development
72,67,85,91,7.71,0,0,1,0,Cyber_Security
67,38,80,91,9.92,0,1,0,0,Data_Science
86,82,55,75,9.69,0,0,0,1,Cloud_Computing
72,73,66,42,7.26,0,0,0,0,Data_Science
44,53,73,32,5.99,0,0,0,1,Data_Science
99,59,46,35,5.82,1,0,0,0,Data_Science
87,88,81,37,6.2,0,0,1,1,Cyber_Security
58,43,52,73,8.55,1,0,0,0,Data_Science
43,38,55,62,6.36,1,0,0,0,Data_Science
74,69,47,79,6.71,0,0,0,1,Cloud_Computing
88,95,55,40,7.24,1,1,1,1,Web_Development
56,54,42,57,9.57,0,0,1,1,Data_Science
83,51,80,99,5.95,1,1,1,0,AI_ML
67,33,41,70,5.03,0,0,1,1,Data_Science
69,55,57,45,5.3,0,1,1,1,Data_Science
68,87,56,97,9.52,1,0,1,1,Cloud_Computing
85,58,56,77,8.24,0,0,1,1,Data_Science
92,66,63,85,6.37,1,0,0,1,Cloud_Computing
45,99,47,93,5.89,0,1,0,1,Web_Development
74,47,36,88,6.47,0,1,1,1,Data_Science
99,71,63,91,5.57,0,1,0,1,Web_Development
80,70,86,40,9.71,1,1,0,1,AI_ML
76,67,61,47,8.92,1,0,1,0,Data_Science
63,63,84,48,7.31,0,0,0,0,Data_Science
68,46,57,84,9.32,1,0,0,1,Data_Science
88,66,78,55,6.25,0,1,1,0,Web_Development
85,54,56,35,8.59,1,0,0,0,Data_Science
92,56,77,33,9.28,1,1,1,1,AI_ML
70,86,71,58,6.78,0,1,1,1,Web_Development
74,60,95,88,8.79,0,1,0,1,Data_Science
99,35,90,46,6.48,0,1,0,1,Data_Science
72,69,37,72,6.49,0,1,0,1,Web_Development
91,41,97,95,5.54,0,0,1,1,Cyber_Security
60,82,53,63,7.2,1,1,1,0,Web_Development
71,39,57,37,8.65,1,1,1,1,Data_Science
62,74,63,42,9.7,0,0,0,0,Data_Science
72,46,64,37,8.02,0,1,0,1,Data_Science
42,55,73,94,9.32,0,1,1,1,Cyber_Security
57,91,59,72,9.11,1,0,0,0,Data_Science
64,75,42,68,5.87,0,0,0,1,Cloud_Computing
81,93,92,88,7.43,0,0,1,1,Cyber_Security
70,31,50,73,5.58,1,1,1,0,Data_Science
93,83,35,38,8.41,1,0,0,1,Cloud_Computing
97,94,39,66,9.75,1,0,1,0,Data_Science
nan,80,37,65,5.69,1,0,0,1,Cloud_Computing
79,82,99,57,8.67,0,1,1,1,Web_Development
85,65,38,71,8.16,1,0,1,0,Data_Science
63,55,98,72,7.92,1,1,1,1,Cyber_Security
89,58,44,71,6.95,0,1,0,0,Data_Science
71,50,55,95,6.78,0,0,0,0,Data_Science
86,40,80,84,5.23,0,1,1,0,Cyber_Security
61,69,61,77,6.09,1,1,1,1,Web_Development
62,40,75,51,5.08,0,0,1,1,Cyber_Security
41,65,47,56,7.91,1,1,0,0,Data_Science
66,88,43,96,5.53,1,0,1,1,Cloud_Computing
81,68,70,42,9.37,1,1,1,1,Web_Development
41,83,92,74,7.62,0,1,1,1,Web_Development
65,84,88,39,8.5,1,0,1,0,Cyber_Security
56,53,46,38,7.05,0,0,0,1,Data_Science
79,51,48,83,7.8,0,1,0,0,Data_Science
72,98,68,56,9.71,0,1,1,1,Web_Development
48,85,87,63,5.41,1,0,0,1,Cloud_Computing
82,62,54,30,6.27,1,1,0,0,Data_Science
93,65,50,61,8.9,1,1,0,1,Cloud_Computing
87,49,90,96,5.49,0,1,1,0,Cyber_Security
78,91,92,49,5.38,1,1,0,1,AI_ML
68,55,38,64,6.81,1,0,0,0,Data_Science
81,95,38,46,5.46,1,0,0,1,Cloud_Computing
94,69,54,47,7.93,1,0,1,1,Cloud_Computing
65,46,44,74,6.13,1,0,1,1,Data_Science
74,30,58,82,9.48,0,0,0,0,Data_Science
89,90,60,97,8.92,0,0,0,0,Data_Science
64,72,71,94,8.5,0,1,1,0,Web_Development
63,71,88,30,8.08,0,0,1,1,Cyber_Security
52,54,55,87,9.32,1,1,0,0,Data_Science
99,68,72,55,6.12,0,1,0,0,Web_Development
97,64,80,49,9.37,1,1,1,0,AI_ML
46,32,38,39,8.95,0,0,1,0,Data_Science
96,73,94,88,8.74,0,1,0,0,Web_Development
75,80,91,70,7.81,0,0,1,0,Cyber_Security
84,41,79,nan,6.23,1,1,0,0,AI_ML
59,48,54,94,7.12,1,1,0,0,Data_Science
40,73,51,46,8.97,0,0,0,0,Data_Science
47,88,38,51,5.16,1,1,1,0,Web_Development
85,78,48,70,8.91,0,1,0,1,Web_Development
55,90,37,97,6.2,0,1,0,1,Web_Development
53,46,92,98,5.72,0,1,1,0,Cyber_Security
51,86,89,40,5.58,1,0,1,1,Cyber_Security
90,84,38,85,5.14,0,1,0,1,Web_Development
62,76,58,80,7.62,0,1,0,0,Web_Development
54,41,68,50,6.09,0,0,1,0,Cyber_Security
67,91,64,55,9.95,1,1,1,0,Web_Development
73,37,53,48,7.87,0,1,1,1,Data_Science
41,50,65,89,5.69,1,1,0,0,Data_Science
71,99,94,76,8.44,0,1,0,1,Web_Development
62,54,94,55,9.49,1,0,0,0,Data_Science
61,41,53,69,8.73,0,1,1,1,Data_Science
90,44,83,34,5.38,0,0,0,1,Data_Science
64,88,97,50,9.48,1,1,1,0,Web_Development
97,55,56,33,8.97,1,1,0,0,Data_Science
61,55,58,52,5.79,0,1,1,1,Data_Science
97,76,64,44,5.26,1,0,0,1,Cloud_Computing
97,61,92,37,7.79,0,1,0,0,Data_Science
61,39,65,70,5.78,0,1,1,0,Data_Science
88,45,98,48,9.17,0,0,1,1,Cyber_Security
91,46,53,75,6.79,1,0,0,0,Data_Science
81,52,82,57,9.56,0,0,1,1,Cyber_Security
45,55,79,97,7.83,1,0,1,0,Cyber_Security
54,36,89,44,5.91,0,1,0,0,Data_Science
93,43,89,66,5.7,1,1,1,0,AI_ML
82,36,52,30,7.88,1,1,0,1,Data_Science
99,38,97,96,8.81,0,1,0,0,Data_Science
76,77,81,53,8.91,1,0,1,1,AI_ML
72,88,91,56,6.38,0,1,1,0,Web_Development
47,68,79,69,6.02,0,1,0,1,Web_Development
92,47,67,92,5.08,0,1,0,1,Data_Science
99,88,51,90,8.4,0,1,0,0,Web_Development
83,46,38,65,5.38,0,0,0,1,Data_Science
83,43,54,53,7.1,1,1,0,1,Data_Science
44,60,81,53,8.01,0,1,0,1,Data_Science
78,53,49,33,9.69,1,1,1,1,Data_Science
nan,89,81,96,6.56,1,0,1,0,Cyber_Security
45,74,43,63,6.25,0,0,1,0,Data_Science
84,32,50,86,8.27,1,1,0,0,Data_Science
71,66,95,78,8.1,0,1,1,1,Web_Development
91,72,44,82,6.66,1,1,0,1,Web_Development
69,69,84,52,9.64,1,0,0,0,Data_Science
86,84,37,98,9.22,1,1,1,0,Web_Development
74,68,85,82,6.12,0,1,0,1,Web_Development
94,44,53,91,6.2,1,1,0,0,Data_Science
79,33,76,70,7.56,0,0,0,0,Data_Science
91,54,nan,86,8.87,1,1,0,1,Data_Science
55,42,80,89,5.22,1,1,0,0,Data_Science
52,62,60,83,8.47,1,0,0,1,Cloud_Computing
89,45,98,99,8.24,1,0,1,0,AI_ML
99,71,71,86,6.16,0,1,0,1,Web_Development
81,95,83,39,8.41,0,0,0,1,Cloud_Computing
69,84,55,69,9.7,1,1,0,1,Web_Development
58,71,98,nan,5.23,1,0,0,1,Cloud_Computing
56,63,39,67,6.6,0,0,1,1,Cloud_Computing
95,59,38,90,7.19,0,1,1,0,Data_Science
58,42,73,32,9.5,0,1,0,0,Data_Science
67,42,69,80,9.81,0,1,0,0,Data_Science
97,47,35,76,7.22,1,0,0,1,Data_Science
94,61,58,97,8.75,1,1,1,0,Data_Science
65,68,91,67,7.66,0,1,1,1,Web_Development
76,75,75,65,7.69,0,1,1,1,Web_Development
65,58,88,70,6.39,0,1,1,0,Cyber_Security
92,91,80,98,6.08,0,1,0,1,Web_Development
62,91,94,42,6.44,0,0,1,0,Cyber_Security
48,86,94,87,7.78,0,1,1,1,Web_Development
51,45,91,79,5.15,1,1,0,1,Data_Science
92,85,65,59,9.54,1,0,0,0,Data_Science
40,39,58,91,5.78,1,1,1,1,Data_Science
97,59,70,54,6.1,0,1,1,0,Cyber_Security
97,54,64,56,7.59,0,1,1,1,Data_Science
40,34,58,80,8.55,0,1,1,0,Data_Science
86,94,64,86,5.48,1,1,0,1,Web_Development
73,78,41,76,6.59,0,0,0,0,Data_Science
71,32,69,68,9.84,0,0,1,0,Cyber_Security
93,74,89,45,6.31,1,0,1,1,AI_ML
87,43,48,51,6.57,0,1,1,0,Data_Science
64,59,44,83,9.18,1,0,1,1,Data_Science
79,97,50,50,5.25,1,1,1,1,Web_Development
84,47,88,45,7.32,0,1,0,0,Data_Science
92,91,78,88,6.9,1,1,0,0,AI_ML
40,66,79,60,6.58,0,0,0,0,Data_Science
55,54,90,71,6.43,1,0,1,0,Cyber_Security
78,77,91,61,5.46,0,0,1,0,Cyber_Security
44,94,55,88,6.57,1,1,0,1,Web_Development
61,82,84,63,5.22,0,0,0,0,Data_Science
68,44,67,38,8.9,1,1,1,1,Cyber_Security
94,78,41,40,6.99,1,0,0,0,Data_Science
42,97,49,39,7.22,1,0,1,0,Data_Science
51,41,66,46,9.47,0,1,1,0,Cyber_Security
65,88,54,97,8.29,0,1,0,1,Web_Development
55,66,49,77,5.04,1,0,0,0,Data_Science
90,90,82,81,9.72,0,0,0,1,Cloud_Computing
76,72,55,54,6.19,1,0,1,1,Cloud_Computing
61,99,76,50,5.54,0,1,1,1,Web_Development
96,68,60,94,8.84,1,1,0,0,Web_Development
68,85,48,92,7.5,0,0,1,1,Cloud_Computing
53,92,91,80,7.17,1,0,1,0,Cyber_Security
67,75,71,65,6.25,1,1,1,1,Web_Development
44,40,92,95,7.74,1,0,0,0,Data_Science
86,91,55,44,6.37,1,1,1,1,Web_Development
88,54,37,68,9.51,0,1,0,0,Data_Science
69,81,71,99,6.08,1,1,0,0,Web_Development
85,33,83,30,9.42,0,1,1,0,Cyber_Security
91,88,53,52,7.8,0,1,0,1,Web_Development
nan,49,46,68,9.14,1,1,1,1,Data_Science
51,92,95,86,8.56,0,0,0,0,Data_Science
55,83,75,63,8.48,0,1,0,1,Web_Development
65,86,67,70,6.62,0,1,1,1,Web_Development
65,70,84,42,6.17,1,0,0,1,Cloud_Computing
87,32,67,99,6.05,0,1,0,1,Data_Science
60,35,58,35,9.29,0,0,0,1,Data_Science
78,34,95,81,9.1,1,1,1,1,AI_ML
75,34,95,32,7.2,1,0,1,1,AI_ML
72,83,62,92,5.66,0,0,0,0,Data_Science
69,76,92,78,6.91,1,1,0,0,Web_Development
76,78,77,76,8.1,0,1,0,1,Web_Development
62,38,75,84,7.27,0,1,1,0,Cyber_Security
97,49,73,93,8.9,0,1,1,0,Cyber_Security
49,90,83,94,9.99,1,0,0,0,Data_Science
93,64,51,96,5.96,0,0,1,1,Cloud_Computing
44,79,99,44,7.3,1,0,1,1,Cyber_Security
75,91,39,61,7.15,1,1,1,1,Web_Development
73,46,36,97,6.52,0,0,1,1,Data_Science
91,32,56,47,5.99,1,1,0,1,Data_Science
70,61,91,72,5.33,1,1,1,0,Cyber_Security
49,42,50,64,9.44,1,0,1,1,Data_Science
97,97,85,87,7.1,1,1,0,0,AI_ML
58,43,73,62,7.48,1,0,0,1,Data_Science
97,40,74,43,9.58,0,1,1,0,Cyber_Security
71,85,72,63,8.88,1,0,1,1,AI_ML
40,96,94,90,5.65,0,1,0,1,Web_Development
95,58,nan,33,7.83,0,0,0,1,Data_Science
44,38,44,88,7.21,0,0,0,1,Data_Science
84,96,98,58,8.99,0,1,1,1,Web_Development
43,54,97,35,8.62,0,1,1,1,Cyber_Security
55,71,83,78,8.45,0,0,0,0,Data_Science
63,38,98,69,6.7,1,1,1,1,Cyber_Security
55,69,66,94,9.02,1,1,0,0,Web_Development
94,54,41,98,5.26,1,1,1,1,Data_Science
41,34,55,56,5.8,0,0,0,0,Data_Science
88,40,54,35,6.68,1,0,0,0,Data_Science
67,88,60,42,5.38,1,1,1,0,Web_Development
71,67,49,93,6.17,1,1,1,0,Web_Development
66,34,48,91,9.15,0,0,1,0,Data_Science
59,77,61,48,9.74,1,1,1,0,Web_Development
63,47,74,72,6.52,0,0,1,1,Cyber_Security
51,99,92,49,6.32,1,1,1,0,Web_Development
89,66,62,97,6.4,0,1,0,1,Web_Development
74,89,60,73,6.39,0,1,1,1,Web_Development
99,77,97,52,5.18,0,0,0,0,Data_Science
72,57,59,31,9.63,1,0,0,0,Data_Science
72,98,37,51,6.07,1,0,1,1,Cloud_Computing
90,69,78,86,7.1,0,0,0,0,Data_Science
82,74,76,36,5.05,1,1,0,0,AI_ML
76,91,40,85,9.29,0,1,1,0,Web_Development
51,87,73,96,8.66,0,0,1,0,Cyber_Security
42,96,86,45,9.73,1,1,1,0,Web_Development
40,85,57,80,8.91,1,1,0,0,Web_Development
72,69,84,41,6.57,1,0,1,0,AI_ML
79,69,77,82,6.24,0,1,1,1,Web_Development
49,62,53,34,8.49,0,1,1,0,Data_Science
82,35,85,56,6.82,1,0,1,1,AI_ML
83,48,45,41,7.83,0,1,0,1,Data_Science
68,69,46,46,5.03,1,1,1,1,Web_Development
52,88,42,35,5.31,0,1,0,1,Web_Development
51,88,58,34,7.68,1,0,1,0,Data_Science
70,77,75,86,7.83,1,0,0,1,Cloud_Computing
nan,70,70,nan,8.76,0,1,0,1,Web_Development
41,42,89,98,5.66,1,1,0,1,Data_Science
90,74,43,88,7.57,1,1,1,1,Web_Development
89,82,81,62,5.97,0,0,0,1,Cloud_Computing
74,71,49,91,5.47,1,0,1,0,Data_Science
62,92,82,79,7.05,0,0,1,0,Cyber_Security
56,56,76,48,5.82,1,1,1,1,Cyber_Security
65,67,94,98,6.11,0,1,1,0,Web_Development
47,89,46,95,6.59,1,1,1,0,Web_Development
68,36,36,76,6.3,1,1,0,1,Data_Science
65,34,41,68,5.44,1,1,1,1,Data_Science
49,74,37,97,5.45,1,0,0,1,Cloud_Computing
65,87,37,62,5.97,0,1,0,0,Web_Development
73,60,61,42,5.25,0,1,0,1,Data_Science
90,52,74,83,8.13,0,1,0,0,Data_Science
80,71,67,36,6.44,0,0,0,0,Data_Science
46,39,35,43,6.4,0,1,0,0,Data_Science
43,61,42,48,6.66,0,0,0,1,Cloud_Computing
97,82,66,83,8.31,0,0,1,0,Cyber_Security
92,59,82,49,9.35,1,0,0,1,AI_ML
89,68,38,58,8.8,1,0,1,1,Cloud_Computing
84,60,53,53,8.64,1,0,0,1,Data_Science
50,31,66,92,7.42,1,1,0,1,Data_Science
68,41,43,86,8.47,0,1,0,1,Data_Science
95,68,46,37,7.76,0,0,0,0,Data_Science
75,95,45,91,6.08,0,0,1,0,Data_Science
64,42,80,58,6.04,1,0,1,0,Cyber_Security
60,75,50,46,6.48,0,1,1,0,Web_Development
nan,56,35,95,9.55,1,1,0,0,Data_Science
75,46,97,35,7.74,0,0,0,1,Data_Science
49,89,55,87,8.67,0,1,0,1,Web_Development
76,93,64,98,6.73,0,1,1,0,Web_Development
48,64,47,57,7.04,0,0,0,0,Data_Science
63,99,68,91,5.63,1,0,1,0,Cyber_Security
74,59,38,70,5.86,1,1,1,1,Data_Science
88,92,62,98,9.14,0,1,0,1,Web_Development
74,57,93,70,7.92,1,1,0,1,AI_ML
87,89,61,78,6.69,0,0,1,0,Data_Science
75,66,59,78,9.01,0,0,1,0,Data_Science
57,51,37,32,6.23,0,0,1,0,Data_Science
88,97,59,39,9.88,0,1,0,0,Web_Development
78,49,54,64,6.72,1,1,0,1,Data_Science
71,97,68,31,6.69,0,0,0,0,Data_Science
63,93,60,53,6.56,0,1,0,0,Web_Development
62,46,39,67,5.61,1,0,0,0,Data_Science
71,41,95,51,5.56,0,1,0,1,Data_Science
76,51,nan,55,8.24,1,0,1,1,Data_Science
51,46,84,72,9.38,0,1,1,0,Cyber_Security
88,39,40,84,8.95,0,1,1,1,Data_Science
94,94,94,68,5.71,0,0,0,1,Cloud_Computing
52,51,78,58,7.73,0,0,1,1,Cyber_Security
62,79,45,49,5.53,0,0,0,1,Cloud_Computing
64,43,81,70,5.23,0,0,0,1,Data_Science
74,93,37,83,8.28,1,0,1,0,Data_Science
80,76,64,49,7.68,0,1,0,0,Web_Development
69,58,55,48,5.41,1,0,1,0,Data_Science
56,65,62,95,5.17,1,0,1,1,Cloud_Computing
88,81,96,59,9.95,0,0,0,1,Cloud_Computing
59,36,67,82,5.15,1,0,1,1,Cyber_Security
87,58,69,63,7.22,0,0,1,1,Cyber_Security
64,40,86,51,7.52,1,1,1,0,Cyber_Security
61,62,68,96,5.59,0,0,1,0,Cyber_Security
52,35,75,35,5.85,1,0,0,0,Data_Science
98,61,85,56,6.76,1,0,1,0,AI_ML
58,80,81,39,8.81,0,1,1,0,Web_Development
88,87,92,77,7.54,1,1,1,0,AI_ML
75,55,91,99,8.19,0,0,0,1,Data_Science
51,75,57,88,9.93,0,0,1,1,Cloud_Computing
nan,58,82,88,8.84,0,1,0,0,Data_Science
58,33,56,31,7.17,0,1,1,1,Data_Science
51,42,51,58,7.23,0,1,1,0,Data_Science
48,68,45,97,8.09,1,0,1,0,Data_Science
46,44,49,94,8.33,1,0,0,1,Data_Science
67,58,69,55,7.5,1,1,0,0,Data_Science
53,58,67,39,8.22,0,0,0,0,Data_Science
70,61,50,82,5.12,1,1,0,0,Data_Science
91,31,68,88,7.15,1,1,0,1,Data_Science
58,76,74,51,6.39,1,1,0,1,Web_Development
97,51,62,80,5.65,1,0,1,1,Data_Science
86,56,81,77,5.5,1,1,0,1,AI_ML
55,96,73,50,8.02,0,1,1,0,Web_Development
92,85,54,51,7.62,0,0,0,1,Cloud_Computing
44,50,35,59,6.27,1,1,0,1,Data_Science
74,76,97,54,7.35,0,0,0,1,Cloud_Computing
51,88,38,57,7.46,0,1,1,0,Web_Development
64,35,92,94,5.98,1,0,0,1,Data_Science
91,48,59,74,8.26,1,1,0,1,Data_Science
98,86,81,97,8.9,0,1,1,0,Web_Development
60,98,72,36,8.96,1,1,1,0,Web_Development
75,32,49,78,8.01,0,1,1,0,Data_Science
92,30,97,nan,7.56,0,1,1,0,Cyber_Security
62,87,55,65,5.31,1,0,0,1,Cloud_Computing
55,67,91,30,6.44,0,0,1,0,Cyber_Security
96,44,87,39,5.47,0,1,0,1,Data_Science
78,63,80,65,9.82,0,1,0,1,Cloud_Computing
84,90,48,75,5.68,1,1,1,1,Web_Development
92,64,51,61,5.76,1,0,0,1,Cloud_Computing
81,93,73,61,9.45,1,0,1,1,AI_ML
97,54,43,35,9.72,1,1,0,0,Data_Science
78,53,40,77,8.83,0,0,1,1,Data_Science
53,41,57,67,5.03,1,1,1,1,Data_Science
70,47,93,46,5.01,1,1,1,1,Cyber_Security
97,44,80,56,6.89,1,1,1,0,AI_ML
44,56,72,83,5.72,1,0,1,1,Cyber_Security
74,89,48,79,5.09,0,1,1,1,Web_Development
nan,75,96,64,7.32,0,1,0,0,Web_Development
68,46,69,54,9.72,0,1,0,1,Data_Science
82,82,53,57,6.62,1,0,0,1,Cloud_Computing
50,37,64,44,8.31,1,0,1,0,Data_Science
57,56,59,33,8.26,0,0,0,1,Data_Science
86,75,74,56,6.26,1,1,1,1,AI_ML
51,79,48,55,8.25,1,0,0,1,Cloud_Computing
48,32,60,48,6.06,0,1,0,1,Data_Science
49,93,56,46,5.61,0,0,1,1,Cloud_Computing
97,73,82,72,8.51,1,1,0,0,AI_ML
83,82,85,70,5.57,1,0,0,0,AI_ML
56,53,37,71,9.98,1,1,0,0,Data_Science
77,89,76,79,5.92,0,0,1,1,Cyber_Security
46,32,53,69,7.97,0,0,0,1,Data_Science
85,49,62,68,7.06,0,0,1,1,Data_Science
52,75,79,52,5.63,0,1,0,0,Web_Development
79,44,97,81,5.14,1,0,0,1,AI_ML
81,54,53,76,8.11,0,0,0,1,Data_Science
48,46,81,92,9.03,0,0,0,1,Data_Science
89,38,48,98,9.21,1,0,1,0,Data_Science
66,67,72,72,7.41,1,1,0,0,Web_Development
97,77,87,77,8.89,1,0,1,1,AI_ML
41,89,95,63,8.36,0,1,1,1,Web_Development
44,92,70,69,8.62,1,1,0,1,Web_Development
68,31,74,90,7.46,1,1,0,0,Data_Science
76,40,64,79,8.17,0,1,1,0,Data_Science
77,93,43,96,9.03,0,0,1,0,Data_Science
58,50,98,91,6.99,1,1,0,1,Data_Science
47,47,67,87,9.03,0,1,0,0,Data_Science
87,93,86,62,7.96,1,1,0,1,AI_ML
84,67,48,45,5.83,1,1,0,1,Web_Development
40,61,87,77,5.12,0,0,0,0,Data_Science
61,40,93,39,6.81,1,0,1,1,Cyber_Security
91,74,75,67,7.73,0,1,0,0,Web_Development
56,62,nan,48,9.2,0,1,0,1,Cloud_Computing
46,70,36,65,5.64,0,1,1,1,Web_Development
64,37,75,88,9.0,1,0,0,0,Data_Science
84,40,89,92,9.32,0,0,0,1,Data_Science
43,80,50,75,5.75,0,0,1,1,Cloud_Computing
75,70,96,32,9.26,1,0,0,1,AI_ML
45,46,82,94,9.96,1,0,1,1,Cyber_Security
99,75,64,37,8.63,1,1,0,1,Web_Development
70,61,46,80,8.92,1,0,0,1,Cloud_Computing
58,83,69,35,9.97,0,0,0,1,Cloud_Computing
83,49,45,68,8.03,0,1,1,1,Data_Science
93,62,98,89,6.54,0,0,1,0,Cyber_Security
78,69,84,57,9.19,1,0,1,0,AI_ML
66,61,55,83,8.07,1,0,1,1,Cloud_Computing
49,31,82,66,7.91,0,1,0,1,Data_Science
65,62,54,38,6.27,1,0,1,0,Data_Science
58,59,78,85,8.78,1,1,1,1,Cyber_Security
78,62,67,88,5.41,0,1,1,0,Cyber_Security
42,55,95,31,9.62,0,0,0,0,Data_Science
84,51,43,90,6.63,1,0,0,0,Data_Science
52,95,69,87,5.64,1,0,1,1,Cyber_Security
89,67,99,89,7.21,1,0,1,1,AI_ML
67,75,42,69,5.21,0,1,0,1,Web_Development
97,44,79,65,8.42,0,0,1,0,Cyber_Security
59,73,81,66,9.51,0,1,1,0,Web_Development
67,78,74,47,9.19,0,1,1,0,Web_Development
nan,90,88,92,5.64,0,1,1,1,Web_Development
80,96,80,51,5.63,1,1,0,0,AI_ML
78,35,81,40,9.07,1,1,0,0,AI_ML
40,38,49,87,9.62,1,0,0,1,Data_Science
42,35,53,86,7.3,0,1,1,0,Data_Science
52,61,60,33,7.49,0,1,1,0,Data_Science
67,70,86,36,6.59,0,0,0,1,Cloud_Computing
96,37,56,90,9.47,1,0,0,1,Data_Science
99,79,55,83,8.22,0,1,0,0,Web_Development
88,91,85,97,6.44,0,1,1,1,Web_Development
64,91,72,30,6.49,1,0,0,0,Data_Science
95,36,54,84,9.46,0,1,1,1,Data_Science
72,33,63,32,5.07,1,0,1,0,Data_Science
77,35,85,67,6.61,0,0,0,1,Data_Science
92,87,38,30,7.77,0,1,0,0,Web_Development
45,51,89,67,5.74,1,0,1,1,Cyber_Security
97,55,62,58,5.46,1,1,0,1,Data_Science
83,32,38,nan,9.08,1,1,0,1,Data_Science
84,70,56,50,9.47,1,1,1,1,Web_Development
71,89,79,96,9.12,1,0,1,1,AI_ML
84,43,68,76,9.49,1,1,1,1,Cyber_Security
86,41,89,64,7.77,0,0,1,1,Cyber_Security
60,41,35,97,9.06,0,1,1,0,Data_Science
55,42,72,98,6.92,1,1,0,0,Data_Science
93,54,40,30,8.33,0,0,1,1,Data_Science
60,74,59,97,9.94,1,1,1,1,Web_Development
50,48,51,41,6.13,0,1,1,0,Data_Science
99,84,95,89,6.95,1,0,0,0,AI_ML
76,74,46,56,7.4,0,0,1,1,Cloud_Computing
75,37,40,85,5.69,0,0,1,0,Data_Science
74,82,61,52,5.41,0,1,1,0,Web_Development
58,84,42,54,9.15,0,0,0,1,Cloud_Computing
59,61,99,50,9.88,0,0,1,1,Cyber_Security
96,80,91,90,7.02,1,1,1,1,AI_ML
57,73,74,92,5.44,1,0,1,0,Cyber_Security
86,99,48,81,5.33,1,1,0,1,Web_Development
80,47,69,54,9.46,0,1,0,1,Data_Science
88,51,82,84,7.32,1,0,0,0,AI_ML
53,66,90,75,6.6,0,1,0,1,Web_Development
54,85,83,61,7.38,0,0,1,0,Cyber_Security
70,88,47,84,6.59,0,0,1,0,Data_Science
40,32,95,34,7.45,1,0,0,0,Data_Science
92,57,83,65,9.3,0,0,0,0,Data_Science
93,64,80,78,7.96,1,1,1,0,AI_ML
93,90,96,87,8.47,1,1,1,0,AI_ML
42,83,42,68,6.82,0,0,0,1,Cloud_Computing
55,92,77,90,8.69,0,0,0,1,Cloud_Computing
62,36,nan,38,8.33,1,1,0,1,Data_Science
96,78,73,35,5.6,1,0,0,0,AI_ML
50,60,83,64,7.86,1,1,1,1,Cyber_Security
51,87,98,68,6.28,1,0,0,0,Data_Science
49,90,96,51,9.02,1,1,0,1,Web_Development
71,53,88,70,7.13,1,1,1,0,AI_ML
55,49,43,34,9.97,0,1,1,1,Data_Science
47,66,71,71,5.46,1,0,1,0,Cyber_Security
77,33,83,96,8.9,1,0,1,1,AI_ML
51,49,75,59,8.37,1,0,1,0,Cyber_Security
63,89,51,86,8.84,1,0,0,1,Cloud_Computing
67,53,55,58,6.54,0,0,0,0,Data_Science
92,79,85,66,7.46,0,1,0,1,Web_Development
47,78,93,42,8.98,1,1,1,1,Web_Development
97,80,73,61,6.16,1,1,0,1,AI_ML
67,65,89,75,6.13,1,1,1,0,Cyber_Security
75,95,75,52,7.76,0,1,0,0,Web_Development
65,63,73,74,7.62,0,1,0,0,Data_Science
47,65,47,46,6.41,0,1,1,0,Data_Science
97,35,98,95,6.49,0,0,1,0,Cyber_Security
99,68,45,35,6.39,0,1,0,1,Web_Development
89,71,53,47,8.86,0,0,0,0,Data_Science
67,87,45,51,8.26,1,1,0,1,Web_Development
67,41,80,62,9.16,0,1,0,1,Data_Science
76,32,79,59,9.88,0,0,0,0,Data_Science
80,47,35,61,7.37,1,1,1,1,Data_Science
75,69,74,71,5.33,0,0,1,0,Cyber_Security
66,50,53,39,5.24,1,1,1,0,Data_Science
93,44,95,65,6.48,0,0,1,0,Cyber_Security
56,55,46,63,9.66,1,1,0,1,Data_Science
48,37,95,57,7.62,1,0,0,0,Data_Science
72,71,67,40,6.36,1,0,1,0,Cyber_Security
92,73,79,nan,7.0,1,1,0,0,AI_ML
59,43,42,76,7.99,1,1,1,1,Data_Science
52,31,59,48,8.26,0,0,0,0,Data_Science
67,66,80,44,5.77,0,1,0,1,Web_Development
87,98,64,57,9.89,1,0,0,1,Cloud_Computing
68,67,81,53,7.72,1,1,1,0,Web_Development
52,70,83,38,5.68,1,0,1,1,Cyber_Security
nan,91,81,76,9.47,0,1,1,1,Web_Development
74,89,52,62,5.37,1,0,1,0,Data_Science
45,43,67,91,9.54,1,1,0,0,Data_Science
57,31,70,48,9.98,1,0,0,0,Data_Science
90,99,53,96,8.5,1,0,0,1,Cloud_Computing
44,46,62,69,8.85,0,1,0,0,Data_Science
86,57,74,76,6.69,1,1,1,1,AI_ML
64,95,49,94,9.71,1,0,0,1,Cloud_Computing
41,64,75,58,7.65,0,0,0,1,Cloud_Computing
49,34,73,79,8.66,1,0,0,1,Data_Science
95,94,36,42,9.62,1,0,1,1,Cloud_Computing
69,69,97,30,9.88,0,1,1,0,Web_Development
89,85,63,63,9.17,0,0,1,0,Data_Science
98,65,85,77,6.52,0,0,0,1,Cloud_Computing
84,74,44,77,9.83,1,0,1,1,Cloud_Computing
44,52,48,78,8.14,1,1,0,0,Data_Science
94,76,nan,93,9.65,0,0,0,0,Data_Science
95,60,73,90,8.38,0,1,0,1,Data_Science
72,40,62,58,6.54,0,1,1,1,Data_Science
93,39,37,68,6.85,1,1,1,0,Data_Science
40,96,61,55,7.75,1,1,0,0,Web_Development
57,43,36,46,8.95,0,1,0,1,Data_Science
71,39,72,42,6.59,1,1,1,0,AI_ML
86,30,37,98,7.9,0,1,1,0,Data_Science
88,34,50,55,6.73,1,0,1,1,Data_Science
50,49,74,78,9.08,1,0,0,1,Data_Science
60,37,36,96,7.33,1,1,0,1,Data_Science
65,72,75,36,5.38,1,0,0,0,Data_Science
64,30,46,87,5.83,0,0,1,1,Data_Science
61,86,69,78,5.31,1,1,1,0,Web_Development
98,93,99,82,7.5,1,0,1,1,AI_ML
66,57,89,94,5.53,0,1,0,1,Data_Science
88,66,79,91,5.57,1,0,0,0,AI_ML
52,76,96,46,9.71,0,1,1,0,Web_Development
72,66,83,72,9.36,0,1,0,1,Web_Development
73,78,59,54,7.26,1,0,1,1,Cloud_Computing
80,73,57,32,9.93,1,0,0,0,Data_Science
74,85,58,58,5.0,0,1,1,1,Web_Development
40,57,72,61,8.07,0,1,0,0,Data_Science
60,35,62,55,8.08,0,1,0,0,Data_Science
87,90,55,45,7.29,1,0,1,1,Cloud_Computing
94,49,88,54,6.98,0,0,1,0,Cyber_Security
45,31,52,83,7.28,0,0,1,0,Data_Science
67,66,70,57,7.07,0,0,1,0,Cyber_Security
56,49,nan,85,8.65,1,1,1,1,Cyber_Security
44,55,87,94,5.68,0,1,0,0,Data_Science
70,58,64,70,5.99,1,1,1,1,Data_Science
44,30,94,80,5.9,1,1,1,1,Cyber_Security
77,64,66,58,6.31,0,0,1,1,Cyber_Security
42,99,62,48,7.63,1,1,0,0,Web_Development
92,88,78,95,5.56,0,1,1,0,Web_Development
62,98,75,70,9.34,1,0,1,1,Cyber_Security
76,62,97,74,6.49,1,0,1,1,AI_ML
92,80,57,44,5.81,0,1,0,0,Web_Development
76,41,82,32,8.38,0,0,0,1,Data_Science
49,49,66,40,5.19,0,1,1,1,Cyber_Security
49,82,91,82,8.1,1,0,0,0,Data_Science
58,72,67,75,8.49,1,0,1,1,Cyber_Security
56,79,58,59,6.07,0,1,0,0,Web_Development
60,58,73,86,5.21,0,0,1,0,Cyber_Security
53,86,68,47,6.82,1,1,0,1,Web_Development
48,68,90,80,5.49,1,0,1,0,Cyber_Security
85,85,62,nan,5.58,1,0,1,0,Data_Science
40,72,71,95,6.27,0,0,0,0,Data_Science
90,79,41,37,6.48,1,0,1,1,Cloud_Computing
nan,52,71,51,7.65,0,0,1,1,Cyber_Security
52,73,90,35,8.39,1,1,1,1,Web_Development
43,67,99,86,7.96,1,0,1,0,Cyber_Security
40,52,nan,65,5.74,0,1,0,0,Data_Science
88,74,81,nan,5.86,0,0,1,1,Cyber_Security
79,81,54,78,9.39,0,1,0,1,Web_Development
71,79,53,74,7.79,1,0,0,0,Data_Science
